AMBIENTADOR PERFUME PARIS INTENS 1L, 1.79
AMONIACO PERFUMADO 1L, 0.39
ANTICAL OROCAL 1000, 1.5
BAYETA MICROF. FINO, 0.36
BAYETA MICROF.ESPEC RIZO, 0.54
BOLSA BASU NEGRA 52*60 R.25, 0.35
BOLSA BASURA FUERTE, 0
ESCOBA JAZMIN, 1.2
FREGONA MICROFIBRA BLANCA, 0.95
FREGONA MICROFIBRA NEGRA, 1.35
GEL DE MANOS DERMO PERLA 5L, 0.79
GUANTE BICOLOR GRAN PAR, 0.56
GUANTE BICOLOR MED PAR, 0.56
GUANTE BICOLOR PEQ PAR, 0.56
LEJIA DEPURADA 5L, 0.79
LEJIA MULT.PERFUME+DETERG. 4L, 1.60
LIMP MOPAS PROFESIONAL 1000, 1.35
LIMP. PERFUMADO NEUTRO 5L, 2.8
LIMPIACRISTALES PERFUM. 750CC RECAMBIO, 0.80
LIMPINOX SPRAY 1000CC, 4.1
MELODY RENOVADOR DE BRILLO AZUL G5, 3.7
MOBLYSOL (PRONTO JABONOSO), 1.85
MOCHO INDUST.HILO MICROF., 2.4
PALO ALUMINIO 1.4CM D/R, 1.05
PAPEL CAMILLA D/C PASTA 70M/6R, 29.72
PAPEL HIGIENICO IND. PASTA 300/100, 15.6
PAPEL HIGIENICO DOM. 40M/72R, 17.28
PAPEL HIGIENICO DOM. 60M/72R, 0
PAPEL MECHA GOFRADO PASTA 1KG/120M, 1.79
PAPEL MINI MECHA DOBLE CAPA 570G/70M, 0.95
SALFUMANT 1L, 0.39
TOALLAS SECAMANOS XTRASEC PACK196, 0.89